task_id,user_id,jd_id,prompt_group,original_match_score,current_match_score,optimized_match_score,suggestion_count,adopted_count,rejected_count,pending_count,exported,created_time
t_00002,u_0002,jd_数据分析师_06,B,17,52,52,6,5,1,0,False,2026-05-28T10:50
t_00003,u_0003,jd_产品运营_11,B,0,14,14,3,2,1,0,True,2026-05-04T07:31
t_00004,u_0004,jd_产品运营_01,A,0,16,16,3,2,1,0,False,2026-06-07T02:00
t_00005,u_0005,jd_产品运营_05,A,33,38,38,3,1,2,0,False,2026-05-06T16:58
t_00006,u_0006,jd_产品运营_02,A,33,38,38,3,1,2,0,False,2026-06-29T13:07
t_00008,u_0007,jd_数据分析师_05,B,67,100,100,6,6,0,0,True,2026-06-03T02:16
t_00011,u_0009,jd_数据分析师_02,B,17,49,49,6,4,2,0,True,2026-06-02T21:57
t_00015,u_0011,jd_增长分析师_03,A,0,32,32,6,4,2,0,False,2026-06-15T08:05
t_00016,u_0012,jd_产品运营_05,B,33,60,60,3,3,0,0,True,2026-06-24T10:59
t_00017,u_0013,jd_增长分析师_04,B,17,41,41,6,4,2,0,True,2026-05-29T09:29
t_00018,u_0014,jd_数据分析师_03,B,67,91,91,6,3,3,0,True,2026-05-02T12:54
t_00020,u_0016,jd_产品运营_02,B,33,51,51,3,3,0,0,True,2026-05-03T14:03
t_00024,u_0020,jd_增长分析师_01,A,50,80,80,6,5,1,0,True,2026-05-21T19:14
t_00025,u_0021,jd_数据分析师_06,B,0,48,48,6,6,0,0,False,2026-06-29T05:11
t_00026,u_0021,jd_产品运营_02,A,0,14,14,3,2,1,0,False,2026-05-04T07:38
t_00027,u_0022,jd_AI 产品助理_12,B,33,49,49,3,2,1,0,False,2026-06-30T21:25
t_00028,u_0022,jd_产品运营_04,B,33,49,49,3,2,1,0,False,2026-06-12T18:52
t_00029,u_0023,jd_数据分析师_10,B,0,35,35,6,5,1,0,False,2026-05-15T20:36
t_00030,u_0023,jd_AI 产品助理_12,A,0,24,24,3,3,0,0,True,2026-05-05T11:16
t_00031,u_0024,jd_增长分析师_03,A,17,37,37,6,4,2,0,False,2026-05-29T02:51
t_00033,u_0025,jd_增长分析师_11,B,17,42,42,6,5,1,0,True,2026-05-19T09:15
t_00034,u_0025,jd_数据分析师_05,A,0,30,30,6,5,1,0,False,2026-06-20T12:30
t_00038,u_0029,jd_增长分析师_04,A,17,32,32,6,3,3,0,False,2026-06-21T06:08
t_00039,u_0030,jd_AI 产品助理_01,B,33,48,48,3,3,0,0,False,2026-06-20T22:39
t_00040,u_0031,jd_数据分析师_07,B,67,97,97,6,5,1,0,True,2026-05-17T12:41
t_00043,u_0034,jd_增长分析师_01,B,17,33,33,6,2,4,0,True,2026-06-02T05:04
t_00044,u_0035,jd_增长分析师_11,B,17,37,37,6,4,2,0,False,2026-06-29T03:43
t_00045,u_0036,jd_产品运营_04,A,33,33,33,3,0,3,0,False,2026-06-11T07:43
t_00047,u_0038,jd_增长分析师_08,B,0,21,21,6,3,3,0,False,2026-05-17T06:29
t_00050,u_0040,jd_AI 产品助理_07,B,33,54,54,3,3,0,0,False,2026-06-17T01:37
t_00052,u_0041,jd_AI 产品助理_06,A,33,51,51,3,2,1,0,False,2026-05-15T23:55
t_00054,u_0043,jd_产品运营_10,B,33,48,48,3,3,0,0,False,2026-06-27T14:09
t_00055,u_0044,jd_产品运营_03,A,0,14,14,3,2,1,0,False,2026-06-09T13:40
t_00056,u_0045,jd_数据分析师_04,A,17,41,41,6,4,2,0,True,2026-06-14T11:19
t_00058,u_0046,jd_产品运营_02,A,33,33,33,3,0,3,0,False,2026-05-24T22:41
t_00059,u_0047,jd_数据分析师_07,A,17,29,29,6,2,4,0,False,2026-05-29T12:07
t_00060,u_0048,jd_数据分析师_02,A,67,100,100,6,5,1,0,False,2026-06-01T06:38
t_00062,u_0049,jd_数据分析师_08,A,67,82,82,6,3,3,0,False,2026-05-19T08:29
t_00063,u_0049,jd_产品运营_08,B,33,57,57,3,3,0,0,False,2026-06-09T08:56
t_00064,u_0049,jd_产品运营_12,A,33,40,40,3,1,2,0,True,2026-06-16T01:54
t_00065,u_0050,jd_产品运营_02,B,0,27,27,3,3,0,0,False,2026-06-26T13:28
t_00066,u_0050,jd_AI 产品助理_07,A,33,38,38,3,1,2,0,False,2026-06-12T23:15
t_00068,u_0052,jd_产品运营_07,B,33,43,43,3,2,1,0,True,2026-06-22T07:05
t_00070,u_0054,jd_数据分析师_06,B,0,36,36,6,4,2,0,True,2026-06-05T19:38
t_00071,u_0055,jd_产品运营_12,A,0,14,14,3,2,1,0,False,2026-06-17T23:26
t_00073,u_0056,jd_增长分析师_12,A,17,33,33,6,2,4,0,True,2026-06-07T05:46
t_00074,u_0057,jd_增长分析师_07,A,17,24,24,6,1,5,0,True,2026-06-08T22:56
t_00075,u_0057,jd_产品运营_12,B,33,49,49,3,2,1,0,True,2026-05-08T11:35
t_00076,u_0057,jd_数据分析师_03,B,17,57,57,6,5,1,0,True,2026-05-04T21:03
t_00077,u_0058,jd_增长分析师_12,B,17,49,49,6,4,2,0,False,2026-06-12T01:59
t_00078,u_0058,jd_AI 产品助理_12,A,33,60,60,3,3,0,0,True,2026-05-13T09:28
t_00079,u_0059,jd_数据分析师_12,B,67,100,100,6,5,1,0,False,2026-06-29T04:02
t_00080,u_0060,jd_数据分析师_07,A,17,37,37,6,4,2,0,False,2026-06-04T17:25
t_00081,u_0060,jd_产品运营_07,B,33,57,57,3,3,0,0,True,2026-06-28T03:24
t_00082,u_0060,jd_数据分析师_09,A,17,32,32,6,3,3,0,False,2026-06-04T00:40
t_00083,u_0061,jd_增长分析师_02,A,50,100,100,6,6,0,0,False,2026-05-05T01:11
t_00085,u_0063,jd_数据分析师_09,A,0,5,5,6,1,5,0,True,2026-05-15T04:47
t_00086,u_0064,jd_数据分析师_10,A,17,35,35,6,2,4,0,True,2026-06-08T12:34
t_00087,u_0065,jd_产品运营_09,A,33,45,45,3,2,1,0,True,2026-05-30T20:35
t_00089,u_0067,jd_AI 产品助理_12,A,0,24,24,3,3,0,0,False,2026-06-17T20:27
t_00093,u_0070,jd_AI 产品助理_09,B,0,6,6,3,1,2,0,False,2026-06-02T02:25
t_00094,u_0071,jd_产品运营_01,B,0,16,16,3,2,1,0,True,2026-05-15T15:14
t_00095,u_0072,jd_数据分析师_12,B,17,45,45,6,4,2,0,True,2026-05-17T18:34
t_00096,u_0073,jd_数据分析师_08,A,17,49,49,6,4,2,0,True,2026-05-11T07:04
t_00097,u_0074,jd_增长分析师_01,A,17,42,42,6,5,1,0,False,2026-05-09T18:37
t_00098,u_0075,jd_AI 产品助理_08,A,33,51,51,3,2,1,0,False,2026-06-08T15:55
t_00099,u_0075,jd_AI 产品助理_04,A,33,57,57,3,3,0,0,True,2026-05-25T12:08
t_00102,u_0077,jd_增长分析师_10,B,0,24,24,6,4,2,0,True,2026-06-21T23:58
t_00103,u_0078,jd_数据分析师_12,A,0,32,32,6,4,2,0,False,2026-06-21T10:26
t_00104,u_0079,jd_产品运营_05,B,33,45,45,3,2,1,0,False,2026-05-20T18:22
t_00108,u_0082,jd_AI 产品助理_10,A,0,24,24,3,3,0,0,False,2026-06-02T16:44
t_00109,u_0082,jd_增长分析师_09,A,0,24,24,6,3,3,0,True,2026-05-01T23:45
t_00110,u_0083,jd_增长分析师_09,A,17,47,47,6,5,1,0,False,2026-05-05T16:18
t_00111,u_0084,jd_增长分析师_08,A,0,21,21,6,3,3,0,True,2026-05-08T08:04
t_00113,u_0084,jd_产品运营_04,A,0,5,5,3,1,2,0,True,2026-06-17T07:55
t_00115,u_0086,jd_增长分析师_07,B,17,57,57,6,5,1,0,False,2026-05-15T18:08
t_00117,u_0087,jd_AI 产品助理_08,B,0,27,27,3,3,0,0,True,2026-06-09T10:23
t_00120,u_0089,jd_AI 产品助理_05,B,33,47,47,3,2,1,0,True,2026-06-05T18:03
t_00121,u_0089,jd_AI 产品助理_06,B,33,54,54,3,3,0,0,False,2026-05-02T13:07
t_00122,u_0090,jd_增长分析师_07,A,0,18,18,6,3,3,0,True,2026-06-09T09:29
t_00123,u_0091,jd_AI 产品助理_05,B,33,45,45,3,2,1,0,True,2026-06-26T14:49
t_00125,u_0092,jd_增长分析师_01,A,17,41,41,6,4,2,0,False,2026-06-19T12:33
t_00128,u_0094,jd_AI 产品助理_09,B,33,47,47,3,2,1,0,True,2026-05-15T02:28
t_00129,u_0095,jd_增长分析师_01,B,0,48,48,6,6,0,0,True,2026-06-19T13:51
t_00130,u_0096,jd_产品运营_05,B,33,54,54,3,3,0,0,False,2026-06-11T23:34
t_00132,u_0098,jd_产品运营_04,A,0,7,7,3,1,2,0,False,2026-05-06T04:00
t_00134,u_0099,jd_产品运营_04,B,0,14,14,3,2,1,0,True,2026-06-17T01:12
t_00136,u_0100,jd_产品运营_01,B,0,14,14,3,2,1,0,False,2026-05-11T08:37
t_00137,u_0101,jd_增长分析师_11,B,17,47,47,6,5,1,0,True,2026-05-04T01:22
t_00138,u_0102,jd_数据分析师_09,B,0,32,32,6,4,2,0,True,2026-05-19T17:44
t_00139,u_0103,jd_数据分析师_12,B,17,71,71,6,6,0,0,False,2026-05-12T00:39
t_00140,u_0104,jd_AI 产品助理_09,A,33,57,57,3,3,0,0,False,2026-06-12T02:02
t_00142,u_0106,jd_数据分析师_06,A,0,20,20,6,4,2,0,False,2026-06-05T23:56
t_00143,u_0107,jd_产品运营_09,A,33,39,39,3,1,2,0,True,2026-06-17T17:26
t_00144,u_0108,jd_增长分析师_09,B,50,82,82,6,4,2,0,False,2026-05-21T11:26
t_00145,u_0109,jd_AI 产品助理_09,A,33,42,42,3,1,2,0,True,2026-05-09T09:00
t_00147,u_0110,jd_AI 产品助理_10,B,33,43,43,3,2,1,0,False,2026-06-28T06:46
t_00149,u_0112,jd_产品运营_11,A,33,49,49,3,2,1,0,True,2026-06-19T20:24
t_00150,u_0113,jd_数据分析师_05,B,0,45,45,6,5,1,0,True,2026-06-20T12:09
t_00151,u_0113,jd_增长分析师_09,A,17,53,53,6,4,2,0,True,2026-06-09T23:33
t_00153,u_0114,jd_产品运营_03,B,33,47,47,3,2,1,0,True,2026-06-18T23:54
t_00154,u_0114,jd_数据分析师_08,B,67,100,100,6,4,2,0,True,2026-05-02T10:13
t_00155,u_0115,jd_AI 产品助理_11,B,33,49,49,3,2,1,0,False,2026-06-30T00:04
t_00157,u_0117,jd_数据分析师_09,A,17,41,41,6,3,3,0,False,2026-05-20T10:31
t_00158,u_0118,jd_数据分析师_04,B,17,52,52,6,5,1,0,True,2026-05-10T10:57
t_00159,u_0118,jd_AI 产品助理_04,A,33,45,45,3,2,1,0,True,2026-06-11T04:37
t_00161,u_0119,jd_增长分析师_12,B,50,80,80,6,5,1,0,False,2026-06-29T20:59
t_00162,u_0120,jd_增长分析师_12,B,17,47,47,6,5,1,0,False,2026-06-11T11:11
t_00163,u_0121,jd_增长分析师_12,B,17,42,42,6,5,1,0,False,2026-05-21T14:56
t_00164,u_0122,jd_数据分析师_12,B,0,30,30,6,6,0,0,False,2026-05-03T17:24
t_00167,u_0124,jd_数据分析师_12,B,67,91,91,6,4,2,0,False,2026-06-11T22:50
t_00169,u_0125,jd_数据分析师_05,B,0,40,40,6,5,1,0,True,2026-06-16T14:18
t_00172,u_0128,jd_AI 产品助理_01,A,33,51,51,3,2,1,0,False,2026-05-07T13:11
t_00173,u_0129,jd_AI 产品助理_07,B,33,60,60,3,3,0,0,True,2026-06-22T02:48
t_00175,u_0131,jd_AI 产品助理_05,B,33,60,60,3,3,0,0,True,2026-06-03T18:39
t_00176,u_0131,jd_AI 产品助理_02,A,0,18,18,3,3,0,0,True,2026-05-02T14:40
t_00177,u_0131,jd_数据分析师_09,B,67,100,100,6,6,0,0,False,2026-06-05T10:49
t_00180,u_0134,jd_产品运营_06,A,33,33,33,3,0,3,0,False,2026-05-25T20:34
t_00181,u_0135,jd_数据分析师_06,A,0,28,28,6,4,2,0,True,2026-05-29T09:13
t_00184,u_0137,jd_数据分析师_01,B,67,92,92,6,5,1,0,True,2026-05-07T16:49
t_00185,u_0138,jd_数据分析师_04,A,17,65,65,6,6,0,0,True,2026-06-04T11:35
t_00188,u_0141,jd_增长分析师_02,A,17,35,35,6,3,3,0,True,2026-06-22T22:29
t_00189,u_0141,jd_AI 产品助理_08,B,33,57,57,3,3,0,0,True,2026-05-02T02:30
t_00190,u_0142,jd_AI 产品助理_05,A,33,60,60,3,3,0,0,True,2026-06-04T14:25
t_00192,u_0143,jd_增长分析师_06,B,17,47,47,6,5,1,0,True,2026-06-05T03:52
t_00193,u_0144,jd_数据分析师_08,A,0,7,7,6,1,5,0,False,2026-06-04T09:24
t_00194,u_0144,jd_数据分析师_03,B,17,49,49,6,4,2,0,False,2026-06-24T09:03
t_00195,u_0145,jd_增长分析师_09,B,0,15,15,6,3,3,0,True,2026-05-14T21:11
t_00196,u_0146,jd_产品运营_12,B,0,27,27,3,3,0,0,False,2026-06-08T13:39
t_00199,u_0146,jd_AI 产品助理_09,A,33,42,42,3,1,2,0,False,2026-06-26T19:05
t_00200,u_0147,jd_增长分析师_07,B,17,59,59,6,6,0,0,False,2026-05-23T09:18
t_00201,u_0148,jd_AI 产品助理_03,A,33,51,51,3,2,1,0,False,2026-06-02T02:54
t_00203,u_0150,jd_数据分析师_08,A,0,32,32,6,4,2,0,True,2026-06-18T13:49
t_00206,u_0153,jd_AI 产品助理_05,B,33,54,54,3,3,0,0,True,2026-06-21T03:16
t_00207,u_0154,jd_AI 产品助理_11,A,33,51,51,3,2,1,0,True,2026-05-01T02:00
t_00208,u_0154,jd_数据分析师_10,A,17,52,52,6,5,1,0,True,2026-05-09T12:42
t_00210,u_0155,jd_AI 产品助理_02,B,0,24,24,3,3,0,0,True,2026-06-01T06:39
t_00211,u_0156,jd_数据分析师_08,B,17,65,65,6,6,0,0,False,2026-05-02T15:09
t_00212,u_0157,jd_数据分析师_01,A,17,38,38,6,3,3,0,True,2026-05-25T22:52
t_00214,u_0158,jd_AI 产品助理_11,A,33,54,54,3,3,0,0,False,2026-05-29T23:12
t_00215,u_0159,jd_增长分析师_06,A,17,27,27,6,2,4,0,True,2026-05-04T10:50
t_00217,u_0159,jd_数据分析师_10,A,0,18,18,6,2,4,0,False,2026-05-05T03:07
t_00218,u_0160,jd_产品运营_06,A,33,43,43,3,2,1,0,True,2026-05-05T03:17
t_00219,u_0161,jd_增长分析师_08,A,17,35,35,6,2,4,0,False,2026-05-06T00:00
t_00220,u_0162,jd_数据分析师_12,A,17,71,71,6,6,0,0,False,2026-06-01T19:05
t_00222,u_0163,jd_增长分析师_11,A,17,27,27,6,2,4,0,True,2026-06-29T01:03
t_00223,u_0163,jd_数据分析师_12,A,17,35,35,6,3,3,0,True,2026-05-29T18:37
t_00224,u_0164,jd_产品运营_03,B,33,54,54,3,3,0,0,False,2026-05-25T11:08
t_00226,u_0165,jd_产品运营_09,B,33,45,45,3,2,1,0,True,2026-06-01T06:37
t_00227,u_0165,jd_产品运营_07,A,33,41,41,3,1,2,0,True,2026-05-03T01:30
t_00233,u_0170,jd_数据分析师_06,B,17,62,62,6,5,1,0,True,2026-05-30T19:02
t_00234,u_0171,jd_产品运营_05,B,33,60,60,3,3,0,0,False,2026-06-02T21:27
t_00237,u_0174,jd_数据分析师_11,B,67,95,95,6,4,2,0,True,2026-06-04T04:30
t_00239,u_0175,jd_AI 产品助理_04,B,0,14,14,3,2,1,0,False,2026-05-31T11:18
t_00240,u_0176,jd_产品运营_02,A,33,47,47,3,2,1,0,True,2026-05-03T10:36
t_00241,u_0177,jd_AI 产品助理_07,A,33,40,40,3,1,2,0,True,2026-06-29T15:49
t_00243,u_0177,jd_产品运营_05,A,33,54,54,3,3,0,0,True,2026-05-02T12:39
t_00245,u_0179,jd_AI 产品助理_12,A,33,57,57,3,3,0,0,True,2026-06-24T13:23
t_00248,u_0181,jd_数据分析师_11,B,17,44,44,6,3,3,0,True,2026-06-28T08:26
t_00250,u_0182,jd_增长分析师_07,B,17,57,57,6,5,1,0,False,2026-05-12T15:58
t_00251,u_0182,jd_数据分析师_05,A,67,92,92,6,5,1,0,True,2026-05-11T18:03
t_00252,u_0183,jd_产品运营_09,A,33,45,45,3,2,1,0,True,2026-05-21T10:52
t_00254,u_0184,jd_数据分析师_02,B,0,20,20,6,4,2,0,True,2026-05-08T04:59
t_00255,u_0184,jd_产品运营_03,B,33,48,48,3,3,0,0,True,2026-05-14T04:05
t_00258,u_0186,jd_AI 产品助理_09,A,33,47,47,3,2,1,0,True,2026-06-19T23:39
t_00259,u_0186,jd_数据分析师_09,A,17,52,52,6,5,1,0,True,2026-06-24T22:30
t_00260,u_0186,jd_AI 产品助理_02,A,33,41,41,3,1,2,0,True,2026-05-21T15:07
t_00261,u_0187,jd_增长分析师_01,A,50,75,75,6,5,1,0,False,2026-06-13T15:43
t_00262,u_0188,jd_产品运营_02,B,33,54,54,3,3,0,0,False,2026-05-15T13:46
t_00263,u_0189,jd_增长分析师_03,B,0,36,36,6,4,2,0,True,2026-06-19T14:06
t_00264,u_0190,jd_数据分析师_08,B,17,33,33,6,2,4,0,True,2026-05-13T09:42
t_00266,u_0192,jd_增长分析师_12,B,17,57,57,6,5,1,0,True,2026-05-25T15:48
t_00267,u_0193,jd_AI 产品助理_10,A,33,40,40,3,1,2,0,False,2026-05-03T04:53
t_00269,u_0195,jd_AI 产品助理_03,B,33,48,48,3,3,0,0,True,2026-05-02T17:20
t_00270,u_0196,jd_数据分析师_12,A,0,27,27,6,3,3,0,True,2026-06-13T06:21
t_00271,u_0197,jd_增长分析师_12,A,17,62,62,6,5,1,0,True,2026-06-24T18:06
t_00273,u_0199,jd_产品运营_04,B,33,33,33,3,0,3,0,False,2026-06-12T23:29
t_00274,u_0200,jd_产品运营_07,B,33,48,48,3,3,0,0,True,2026-05-21T02:40
t_00275,u_0200,jd_增长分析师_07,B,0,15,15,6,3,3,0,True,2026-06-11T01:12
t_00277,u_0202,jd_产品运营_10,A,33,51,51,3,2,1,0,True,2026-06-17T16:59
t_00278,u_0202,jd_增长分析师_04,B,17,47,47,6,5,1,0,True,2026-05-10T03:11
t_00282,u_0205,jd_数据分析师_04,B,0,42,42,6,6,0,0,False,2026-06-25T05:58
t_00283,u_0206,jd_数据分析师_09,B,0,48,48,6,6,0,0,True,2026-05-05T11:26
t_00284,u_0206,jd_AI 产品助理_02,A,33,57,57,3,3,0,0,False,2026-05-11T07:33
t_00285,u_0207,jd_AI 产品助理_05,B,0,18,18,3,2,1,0,True,2026-05-13T02:26
t_00286,u_0207,jd_产品运营_04,B,33,48,48,3,3,0,0,False,2026-05-17T22:54
t_00287,u_0208,jd_产品运营_05,A,33,39,39,3,1,2,0,True,2026-05-19T23:31
t_00289,u_0209,jd_增长分析师_08,A,17,45,45,6,4,2,0,False,2026-05-09T10:44
t_00294,u_0212,jd_产品运营_03,B,33,57,57,3,3,0,0,False,2026-06-05T21:40
t_00295,u_0213,jd_增长分析师_02,B,0,25,25,6,5,1,0,True,2026-06-24T23:55
t_00297,u_0215,jd_AI 产品助理_06,A,33,38,38,3,1,2,0,True,2026-05-10T00:05
t_00298,u_0216,jd_AI 产品助理_04,A,33,45,45,3,2,1,0,True,2026-06-25T01:51
t_00300,u_0216,jd_产品运营_08,B,33,49,49,3,2,1,0,True,2026-06-21T13:47
t_00301,u_0217,jd_增长分析师_06,B,17,37,37,6,4,2,0,False,2026-06-09T05:27
t_00302,u_0218,jd_增长分析师_03,A,50,85,85,6,5,1,0,False,2026-06-13T09:53
t_00303,u_0219,jd_数据分析师_03,B,17,53,53,6,6,0,0,False,2026-06-20T05:53
t_00304,u_0220,jd_AI 产品助理_09,B,33,41,41,3,1,2,0,False,2026-05-02T00:25
t_00305,u_0221,jd_AI 产品助理_02,B,33,51,51,3,3,0,0,True,2026-05-09T04:00
t_00306,u_0221,jd_产品运营_08,B,33,51,51,3,2,1,0,False,2026-05-10T15:27
t_00309,u_0223,jd_增长分析师_09,A,17,45,45,6,4,2,0,True,2026-05-02T13:36
t_00311,u_0225,jd_增长分析师_12,B,17,47,47,6,5,1,0,False,2026-06-15T12:26
t_00312,u_0225,jd_产品运营_02,B,33,51,51,3,2,1,0,True,2026-06-20T13:31
t_00315,u_0228,jd_数据分析师_09,A,17,31,31,6,2,4,0,True,2026-05-03T16:06
t_00316,u_0229,jd_增长分析师_04,A,0,18,18,6,3,3,0,False,2026-06-23T15:21
t_00320,u_0233,jd_AI 产品助理_12,A,33,33,33,3,0,3,0,False,2026-05-26T14:41
t_00321,u_0234,jd_数据分析师_07,B,17,71,71,6,6,0,0,False,2026-06-16T23:47
t_00322,u_0234,jd_产品运营_09,B,33,51,51,3,2,1,0,True,2026-05-08T23:03
t_00323,u_0235,jd_产品运营_06,A,33,51,51,3,2,1,0,True,2026-05-20T09:42
t_00324,u_0236,jd_增长分析师_12,A,17,53,53,6,4,2,0,False,2026-05-28T13:05
t_00325,u_0236,jd_增长分析师_12,B,0,45,45,6,5,1,0,True,2026-05-27T05:09
t_00326,u_0237,jd_增长分析师_06,A,17,52,52,6,5,1,0,False,2026-06-06T09:02
t_00327,u_0237,jd_产品运营_01,B,33,60,60,3,3,0,0,True,2026-05-08T17:22
t_00328,u_0237,jd_增长分析师_03,B,0,25,25,6,5,1,0,True,2026-06-25T23:20
t_00331,u_0240,jd_产品运营_02,B,33,51,51,3,2,1,0,True,2026-06-21T17:38
t_00333,u_0242,jd_数据分析师_03,B,17,35,35,6,3,3,0,False,2026-05-02T22:03
t_00334,u_0243,jd_增长分析师_01,B,17,41,41,6,4,2,0,False,2026-05-21T14:35
t_00337,u_0245,jd_产品运营_08,A,33,51,51,3,2,1,0,True,2026-05-18T19:16
t_00339,u_0247,jd_AI 产品助理_05,B,33,57,57,3,3,0,0,True,2026-05-16T21:20
t_00342,u_0250,jd_AI 产品助理_01,B,0,18,18,3,3,0,0,False,2026-05-15T23:01
t_00344,u_0252,jd_AI 产品助理_03,B,33,51,51,3,2,1,0,True,2026-06-05T06:42
t_00345,u_0252,jd_AI 产品助理_12,A,0,0,0,3,0,3,0,False,2026-06-13T17:39
t_00346,u_0253,jd_增长分析师_11,A,50,100,100,6,6,0,0,True,2026-06-03T14:31
t_00347,u_0254,jd_产品运营_04,A,0,14,14,3,2,1,0,False,2026-05-13T05:21
t_00350,u_0255,jd_数据分析师_08,A,0,45,45,6,5,1,0,False,2026-05-04T09:39
t_00351,u_0256,jd_数据分析师_08,A,67,100,100,6,4,2,0,True,2026-06-03T10:37
t_00353,u_0257,jd_AI 产品助理_03,A,33,42,42,3,1,2,0,False,2026-05-31T09:38
t_00354,u_0257,jd_增长分析师_04,A,50,71,71,6,3,3,0,True,2026-06-10T06:50
t_00355,u_0258,jd_数据分析师_01,A,0,21,21,6,3,3,0,False,2026-06-10T07:44
t_00357,u_0260,jd_AI 产品助理_05,A,0,18,18,3,3,0,0,False,2026-06-16T05:21
t_00359,u_0261,jd_增长分析师_03,A,17,38,38,6,3,3,0,False,2026-06-26T04:50
t_00360,u_0262,jd_AI 产品助理_04,B,0,16,16,3,2,1,0,False,2026-06-16T02:50
t_00362,u_0263,jd_增长分析师_04,A,17,49,49,6,4,2,0,True,2026-05-15T06:28
t_00363,u_0264,jd_数据分析师_07,B,0,54,54,6,6,0,0,False,2026-05-29T14:27
t_00364,u_0265,jd_AI 产品助理_02,A,0,6,6,3,1,2,0,False,2026-05-05T11:02
t_00367,u_0266,jd_增长分析师_12,A,17,49,49,6,4,2,0,False,2026-06-17T06:30
t_00369,u_0268,jd_AI 产品助理_07,A,33,45,45,3,2,1,0,False,2026-05-28T21:48
t_00370,u_0269,jd_增长分析师_07,A,0,40,40,6,5,1,0,False,2026-05-05T17:24
t_00371,u_0269,jd_AI 产品助理_05,A,0,12,12,3,2,1,0,False,2026-06-12T16:04
t_00372,u_0269,jd_增长分析师_04,B,17,47,47,6,5,1,0,True,2026-05-09T06:19
t_00373,u_0270,jd_产品运营_10,B,33,47,47,3,2,1,0,False,2026-06-26T15:29
t_00374,u_0270,jd_产品运营_03,A,0,6,6,3,1,2,0,True,2026-06-27T19:46
t_00376,u_0272,jd_AI 产品助理_03,B,33,51,51,3,3,0,0,True,2026-05-17T06:32
t_00377,u_0272,jd_数据分析师_12,A,67,87,87,6,4,2,0,True,2026-06-28T04:20
t_00378,u_0273,jd_数据分析师_03,B,17,62,62,6,5,1,0,False,2026-05-05T21:48
t_00380,u_0275,jd_产品运营_01,A,33,39,39,3,1,2,0,False,2026-05-27T00:00
t_00382,u_0277,jd_AI 产品助理_01,A,33,39,39,3,1,2,0,True,2026-05-26T20:20
t_00386,u_0279,jd_产品运营_05,A,33,48,48,3,3,0,0,True,2026-05-16T23:27
t_00389,u_0281,jd_产品运营_09,B,33,39,39,3,1,2,0,False,2026-05-21T05:28
t_00390,u_0281,jd_产品运营_07,A,33,51,51,3,3,0,0,False,2026-06-16T14:19
t_00391,u_0281,jd_增长分析师_07,B,17,45,45,6,4,2,0,False,2026-05-25T05:30
t_00392,u_0282,jd_AI 产品助理_05,B,33,51,51,3,2,1,0,True,2026-05-30T09:24
t_00396,u_0285,jd_AI 产品助理_05,A,33,49,49,3,2,1,0,True,2026-06-08T14:43
t_00397,u_0286,jd_产品运营_07,A,0,0,0,3,0,3,0,False,2026-05-17T22:19
t_00398,u_0287,jd_增长分析师_03,A,50,100,100,6,6,0,0,False,2026-06-22T15:00
t_00399,u_0287,jd_增长分析师_03,A,17,33,33,6,2,4,0,True,2026-05-13T01:47
t_00401,u_0289,jd_数据分析师_08,B,0,21,21,6,3,3,0,True,2026-05-31T10:38
t_00403,u_0291,jd_产品运营_10,B,33,40,40,3,1,2,0,True,2026-06-13T21:55
t_00404,u_0291,jd_AI 产品助理_10,A,33,33,33,3,0,3,0,False,2026-06-01T12:47
t_00406,u_0293,jd_增长分析师_02,B,17,52,52,6,5,1,0,False,2026-05-31T21:34
t_00407,u_0293,jd_AI 产品助理_11,A,33,33,33,3,0,3,0,False,2026-05-09T17:40
t_00408,u_0293,jd_增长分析师_04,B,17,42,42,6,5,1,0,True,2026-05-15T08:07
t_00409,u_0294,jd_增长分析师_06,B,0,40,40,6,5,1,0,False,2026-06-21T21:59
t_00410,u_0294,jd_产品运营_03,B,33,51,51,3,2,1,0,False,2026-06-17T21:54
t_00411,u_0295,jd_增长分析师_01,B,50,74,74,6,4,2,0,True,2026-06-21T10:09
t_00412,u_0295,jd_增长分析师_11,B,50,75,75,6,5,1,0,False,2026-05-31T11:48
t_00416,u_0299,jd_AI 产品助理_03,B,33,48,48,3,3,0,0,False,2026-06-10T23:25
t_00417,u_0300,jd_增长分析师_06,B,50,86,86,6,6,0,0,False,2026-05-01T03:07
t_00419,u_0301,jd_产品运营_07,A,0,6,6,3,1,2,0,True,2026-06-05T17:50
t_00420,u_0301,jd_数据分析师_01,A,0,36,36,6,4,2,0,True,2026-06-05T14:51
t_00421,u_0302,jd_数据分析师_01,B,0,25,25,6,5,1,0,True,2026-06-30T16:57
t_00423,u_0302,jd_产品运营_05,B,33,57,57,3,3,0,0,False,2026-05-09T23:39
t_00424,u_0303,jd_产品运营_11,B,33,49,49,3,2,1,0,True,2026-06-14T20:12
t_00425,u_0304,jd_产品运营_02,B,33,51,51,3,3,0,0,False,2026-06-04T03:43
t_00427,u_0304,jd_产品运营_10,B,33,49,49,3,2,1,0,True,2026-06-22T15:06
t_00428,u_0305,jd_增长分析师_05,A,0,24,24,6,3,3,0,False,2026-05-01T21:32
t_00430,u_0306,jd_产品运营_05,A,33,51,51,3,2,1,0,False,2026-05-27T10:54
t_00432,u_0307,jd_数据分析师_10,A,0,18,18,6,2,4,0,False,2026-05-13T23:00
t_00433,u_0308,jd_产品运营_06,A,33,51,51,3,2,1,0,False,2026-06-23T04:32
t_00434,u_0309,jd_AI 产品助理_05,B,33,43,43,3,2,1,0,False,2026-05-17T06:00
t_00435,u_0309,jd_增长分析师_01,B,17,65,65,6,6,0,0,False,2026-06-09T14:21
t_00436,u_0310,jd_AI 产品助理_07,B,0,14,14,3,2,1,0,True,2026-05-24T09:23
t_00437,u_0310,jd_数据分析师_02,A,67,83,83,6,2,4,0,False,2026-05-13T09:02
t_00438,u_0311,jd_AI 产品助理_03,B,33,60,60,3,3,0,0,True,2026-05-08T03:50
t_00439,u_0312,jd_AI 产品助理_02,B,33,57,57,3,3,0,0,False,2026-06-18T13:15
t_00440,u_0313,jd_数据分析师_04,A,17,49,49,6,4,2,0,True,2026-06-24T18:40
t_00441,u_0314,jd_产品运营_08,B,33,48,48,3,3,0,0,True,2026-05-04T16:27
t_00442,u_0315,jd_AI 产品助理_08,B,0,18,18,3,3,0,0,False,2026-05-18T19:06
t_00443,u_0316,jd_AI 产品助理_04,B,33,51,51,3,3,0,0,False,2026-06-11T08:13
t_00446,u_0318,jd_AI 产品助理_11,B,33,45,45,3,2,1,0,True,2026-06-15T03:58
t_00447,u_0318,jd_数据分析师_08,B,0,54,54,6,6,0,0,False,2026-06-13T17:55
t_00448,u_0319,jd_增长分析师_05,B,17,37,37,6,4,2,0,True,2026-06-24T07:18
t_00449,u_0319,jd_产品运营_01,A,33,33,33,3,0,3,0,False,2026-06-11T11:40
t_00451,u_0321,jd_数据分析师_11,B,0,30,30,6,5,1,0,True,2026-06-10T19:35
t_00453,u_0323,jd_AI 产品助理_07,A,0,5,5,3,1,2,0,False,2026-06-13T19:12
t_00454,u_0324,jd_数据分析师_04,A,17,33,33,6,2,4,0,True,2026-06-19T02:17
t_00455,u_0324,jd_增长分析师_06,B,17,41,41,6,4,2,0,True,2026-05-31T04:15
t_00457,u_0326,jd_AI 产品助理_02,B,33,51,51,3,2,1,0,False,2026-06-27T01:38
t_00460,u_0327,jd_数据分析师_12,B,17,47,47,6,5,1,0,True,2026-05-18T04:05
t_00461,u_0328,jd_增长分析师_07,A,17,35,35,6,3,3,0,False,2026-05-06T18:45
t_00463,u_0330,jd_数据分析师_12,A,0,24,24,6,4,2,0,True,2026-06-15T04:24
t_00464,u_0331,jd_产品运营_12,A,0,10,10,3,2,1,0,True,2026-06-03T22:19
t_00467,u_0333,jd_产品运营_10,B,33,41,41,3,1,2,0,True,2026-05-04T07:25
t_00468,u_0334,jd_AI 产品助理_05,A,33,48,48,3,3,0,0,True,2026-05-07T03:04
t_00470,u_0336,jd_数据分析师_05,A,67,77,77,6,2,4,0,False,2026-05-01T11:48
t_00471,u_0337,jd_数据分析师_08,B,17,62,62,6,5,1,0,False,2026-06-07T01:18
t_00472,u_0337,jd_AI 产品助理_06,A,33,43,43,3,2,1,0,False,2026-05-19T11:39
t_00475,u_0340,jd_增长分析师_10,A,17,44,44,6,3,3,0,False,2026-06-01T01:23
t_00476,u_0340,jd_数据分析师_12,A,17,65,65,6,6,0,0,True,2026-06-20T07:44
t_00480,u_0343,jd_数据分析师_01,B,17,49,49,6,4,2,0,True,2026-06-29T11:50
t_00487,u_0348,jd_数据分析师_01,B,67,85,85,6,3,3,0,True,2026-05-20T09:32
t_00488,u_0348,jd_AI 产品助理_09,A,0,5,5,3,1,2,0,False,2026-05-28T12:18
t_00490,u_0349,jd_数据分析师_04,B,67,77,77,6,2,4,0,False,2026-05-15T14:35
t_00493,u_0351,jd_AI 产品助理_04,B,0,6,6,3,1,2,0,True,2026-06-05T12:12
t_00494,u_0352,jd_产品运营_02,A,0,0,0,3,0,3,0,False,2026-06-15T04:32
t_00502,u_0358,jd_数据分析师_06,B,17,42,42,6,5,1,0,False,2026-05-31T19:38
t_00503,u_0359,jd_产品运营_12,A,33,41,41,3,1,2,0,False,2026-06-14T04:17
t_00505,u_0361,jd_AI 产品助理_12,A,0,21,21,3,3,0,0,True,2026-06-01T13:56
t_00506,u_0362,jd_数据分析师_01,A,0,24,24,6,4,2,0,True,2026-06-02T08:37
t_00507,u_0363,jd_AI 产品助理_06,A,33,51,51,3,2,1,0,False,2026-06-14T00:45
t_00508,u_0364,jd_数据分析师_11,B,17,53,53,6,6,0,0,False,2026-06-18T13:20
t_00510,u_0366,jd_数据分析师_02,A,67,100,100,6,5,1,0,False,2026-05-31T03:53
t_00511,u_0366,jd_数据分析师_01,A,67,87,87,6,4,2,0,False,2026-05-15T01:52
t_00512,u_0367,jd_数据分析师_05,A,17,41,41,6,3,3,0,False,2026-05-05T08:21
t_00514,u_0368,jd_增长分析师_05,A,17,35,35,6,3,3,0,True,2026-06-19T09:45
t_00518,u_0371,jd_数据分析师_02,B,0,48,48,6,6,0,0,True,2026-06-17T03:15
t_00520,u_0373,jd_产品运营_09,B,33,47,47,3,2,1,0,True,2026-06-08T15:33
t_00521,u_0373,jd_数据分析师_10,A,67,87,87,6,4,2,0,False,2026-06-14T22:25
t_00524,u_0376,jd_增长分析师_08,A,17,45,45,6,4,2,0,True,2026-06-25T07:30
t_00525,u_0377,jd_AI 产品助理_06,B,33,38,38,3,1,2,0,False,2026-05-30T00:52
t_00526,u_0377,jd_数据分析师_04,B,0,36,36,6,4,2,0,False,2026-06-12T04:22
t_00530,u_0380,jd_产品运营_05,B,33,48,48,3,3,0,0,True,2026-05-05T09:00
t_00531,u_0381,jd_产品运营_03,B,33,49,49,3,2,1,0,False,2026-06-16T06:27
t_00534,u_0382,jd_增长分析师_07,A,17,53,53,6,4,2,0,True,2026-06-20T13:06
t_00535,u_0382,jd_AI 产品助理_03,B,0,27,27,3,3,0,0,False,2026-06-09T17:57
t_00536,u_0383,jd_数据分析师_06,A,67,91,91,6,3,3,0,True,2026-06-08T03:52
t_00537,u_0384,jd_数据分析师_02,A,0,30,30,6,5,1,0,True,2026-05-05T00:09
t_00538,u_0385,jd_增长分析师_07,A,17,49,49,6,4,2,0,False,2026-05-10T20:01
t_00539,u_0385,jd_AI 产品助理_12,B,33,60,60,3,3,0,0,True,2026-06-21T03:29
t_00541,u_0386,jd_产品运营_09,B,33,47,47,3,2,1,0,False,2026-05-05T05:41
t_00542,u_0387,jd_增长分析师_10,B,0,30,30,6,6,0,0,True,2026-06-12T05:36
t_00544,u_0389,jd_数据分析师_07,B,0,32,32,6,4,2,0,False,2026-06-29T02:03
t_00545,u_0389,jd_产品运营_08,B,33,43,43,3,2,1,0,True,2026-05-29T21:18
t_00547,u_0390,jd_增长分析师_10,A,17,59,59,6,6,0,0,False,2026-06-22T15:32
t_00548,u_0391,jd_产品运营_07,B,33,54,54,3,3,0,0,False,2026-06-15T11:04
t_00549,u_0392,jd_数据分析师_05,B,17,41,41,6,4,2,0,False,2026-06-11T00:02
t_00551,u_0393,jd_增长分析师_12,B,17,41,41,6,4,2,0,False,2026-05-03T03:02
t_00552,u_0394,jd_数据分析师_01,B,17,47,47,6,5,1,0,False,2026-05-25T12:44
t_00553,u_0394,jd_数据分析师_12,B,0,36,36,6,6,0,0,False,2026-06-18T17:36
t_00557,u_0398,jd_数据分析师_09,A,0,15,15,6,3,3,0,True,2026-05-15T09:47
t_00559,u_0400,jd_数据分析师_07,A,0,9,9,6,1,5,0,True,2026-05-12T21:27
t_00562,u_0403,jd_数据分析师_02,B,67,100,100,6,6,0,0,False,2026-05-16T17:18
t_00564,u_0404,jd_增长分析师_07,A,17,41,41,6,4,2,0,False,2026-05-04T18:05
t_00565,u_0405,jd_产品运营_03,A,33,38,38,3,1,2,0,False,2026-06-13T16:55
t_00566,u_0406,jd_AI 产品助理_10,A,33,57,57,3,3,0,0,False,2026-05-16T11:06
t_00568,u_0407,jd_产品运营_05,A,33,40,40,3,1,2,0,False,2026-06-29T04:58
t_00570,u_0409,jd_增长分析师_09,A,17,49,49,6,4,2,0,True,2026-06-21T01:38
t_00571,u_0410,jd_增长分析师_02,B,0,16,16,6,2,4,0,True,2026-05-23T17:32
t_00573,u_0410,jd_增长分析师_08,A,17,53,53,6,4,2,0,True,2026-05-01T05:07
t_00574,u_0411,jd_增长分析师_07,A,50,66,66,6,2,4,0,True,2026-06-14T17:15
t_00576,u_0412,jd_数据分析师_10,A,0,45,45,6,5,1,0,False,2026-06-07T11:43
t_00578,u_0413,jd_产品运营_10,B,0,14,14,3,2,1,0,True,2026-06-26T19:20
t_00579,u_0413,jd_数据分析师_03,B,0,18,18,6,3,3,0,True,2026-05-07T06:35
t_00581,u_0414,jd_增长分析师_05,B,0,54,54,6,6,0,0,False,2026-05-06T04:17
t_00582,u_0414,jd_数据分析师_07,A,67,73,73,6,1,5,0,False,2026-05-07T22:50
t_00584,u_0416,jd_产品运营_02,B,33,57,57,3,3,0,0,False,2026-06-01T17:39
t_00585,u_0416,jd_产品运营_05,A,33,54,54,3,3,0,0,False,2026-06-12T15:31
t_00586,u_0416,jd_增长分析师_11,A,50,62,62,6,2,4,0,True,2026-05-28T03:11
t_00588,u_0418,jd_产品运营_05,A,33,42,42,3,1,2,0,True,2026-05-29T13:14
t_00589,u_0419,jd_增长分析师_06,B,17,45,45,6,4,2,0,False,2026-06-19T17:04
t_00590,u_0419,jd_产品运营_01,A,33,43,43,3,2,1,0,False,2026-06-18T16:06
t_00591,u_0419,jd_数据分析师_03,B,0,36,36,6,4,2,0,True,2026-06-22T23:56
t_00592,u_0419,jd_产品运营_06,B,33,48,48,3,3,0,0,True,2026-05-28T16:47
t_00594,u_0421,jd_AI 产品助理_08,A,33,48,48,3,3,0,0,False,2026-05-15T18:01
t_00595,u_0421,jd_产品运营_07,A,33,45,45,3,2,1,0,True,2026-06-09T15:33
t_00596,u_0422,jd_产品运营_09,B,33,57,57,3,3,0,0,False,2026-06-01T10:41
t_00600,u_0426,jd_AI 产品助理_03,A,33,51,51,3,3,0,0,False,2026-05-19T16:43
t_00602,u_0428,jd_产品运营_09,A,33,51,51,3,3,0,0,False,2026-05-30T10:06
t_00603,u_0429,jd_AI 产品助理_05,B,33,51,51,3,2,1,0,True,2026-06-05T17:41
t_00605,u_0430,jd_产品运营_10,A,33,41,41,3,1,2,0,False,2026-05-10T04:10
t_00606,u_0430,jd_数据分析师_07,B,0,8,8,6,1,5,0,False,2026-06-19T12:45
t_00610,u_0433,jd_数据分析师_01,B,17,41,41,6,3,3,0,False,2026-06-11T08:41
t_00612,u_0434,jd_产品运营_07,A,33,38,38,3,1,2,0,False,2026-06-23T03:03
t_00613,u_0435,jd_AI 产品助理_09,B,0,18,18,3,3,0,0,True,2026-05-01T21:25
t_00614,u_0436,jd_产品运营_03,B,33,60,60,3,3,0,0,False,2026-06-10T23:53
t_00617,u_0438,jd_产品运营_01,B,33,47,47,3,2,1,0,True,2026-05-25T22:18
t_00618,u_0439,jd_数据分析师_10,B,0,28,28,6,4,2,0,False,2026-05-24T11:49
t_00622,u_0443,jd_AI 产品助理_08,A,33,54,54,3,3,0,0,False,2026-06-04T05:48
t_00626,u_0446,jd_AI 产品助理_08,B,0,15,15,3,3,0,0,True,2026-05-26T05:29
t_00627,u_0446,jd_产品运营_01,B,33,51,51,3,3,0,0,True,2026-05-31T05:22
t_00630,u_0447,jd_数据分析师_04,A,0,48,48,6,6,0,0,True,2026-05-24T11:21
t_00632,u_0449,jd_增长分析师_08,A,17,57,57,6,5,1,0,False,2026-06-21T02:22
t_00633,u_0450,jd_增长分析师_10,A,50,74,74,6,4,2,0,False,2026-06-21T14:32
t_00634,u_0451,jd_增长分析师_08,A,0,28,28,6,4,2,0,True,2026-05-19T01:07
t_00635,u_0452,jd_AI 产品助理_10,A,33,49,49,3,2,1,0,False,2026-05-08T11:46
t_00636,u_0453,jd_增长分析师_12,A,17,38,38,6,3,3,0,True,2026-06-22T16:36
t_00637,u_0454,jd_AI 产品助理_02,B,33,49,49,3,2,1,0,True,2026-06-20T06:36
t_00638,u_0455,jd_AI 产品助理_09,B,0,21,21,3,3,0,0,False,2026-06-12T01:38
t_00639,u_0455,jd_AI 产品助理_04,A,33,60,60,3,3,0,0,False,2026-05-02T22:20
t_00640,u_0456,jd_数据分析师_06,B,67,100,100,6,4,2,0,False,2026-05-23T14:09
t_00641,u_0456,jd_数据分析师_05,B,0,32,32,6,4,2,0,False,2026-05-19T10:28
t_00644,u_0459,jd_AI 产品助理_09,B,33,49,49,3,2,1,0,False,2026-06-04T17:25
t_00645,u_0460,jd_AI 产品助理_11,A,33,60,60,3,3,0,0,False,2026-06-28T03:24
t_00648,u_0463,jd_AI 产品助理_02,B,0,15,15,3,3,0,0,True,2026-06-27T00:13
t_00649,u_0463,jd_AI 产品助理_08,A,0,21,21,3,3,0,0,False,2026-06-16T02:00
t_00651,u_0465,jd_AI 产品助理_07,B,33,54,54,3,3,0,0,True,2026-06-20T03:06
t_00653,u_0466,jd_产品运营_05,B,33,51,51,3,3,0,0,True,2026-06-14T14:21
t_00654,u_0467,jd_AI 产品助理_10,A,33,47,47,3,2,1,0,False,2026-06-10T09:30
t_00655,u_0468,jd_产品运营_03,B,33,45,45,3,2,1,0,False,2026-06-07T00:16
t_00657,u_0470,jd_AI 产品助理_04,B,0,15,15,3,3,0,0,False,2026-05-15T04:17
t_00658,u_0471,jd_产品运营_11,B,33,43,43,3,2,1,0,False,2026-05-03T12:40
t_00659,u_0471,jd_产品运营_12,B,33,48,48,3,3,0,0,False,2026-05-12T22:59
t_00660,u_0472,jd_产品运营_01,B,33,45,45,3,2,1,0,False,2026-05-14T07:15
t_00661,u_0472,jd_增长分析师_04,B,17,44,44,6,3,3,0,False,2026-05-07T17:37
t_00663,u_0473,jd_AI 产品助理_06,A,33,51,51,3,2,1,0,False,2026-05-18T21:35
t_00665,u_0474,jd_产品运营_04,A,33,40,40,3,1,2,0,False,2026-05-14T09:32
t_00667,u_0475,jd_AI 产品助理_05,A,33,38,38,3,1,2,0,False,2026-05-22T23:22
t_00668,u_0476,jd_产品运营_01,B,0,27,27,3,3,0,0,True,2026-06-22T22:12
t_00671,u_0478,jd_数据分析师_09,B,67,85,85,6,2,4,0,False,2026-05-24T14:59
t_00673,u_0479,jd_AI 产品助理_12,B,33,43,43,3,2,1,0,False,2026-06-26T06:11
t_00674,u_0480,jd_数据分析师_09,A,17,26,26,6,1,5,0,False,2026-05-24T00:36
t_00675,u_0481,jd_数据分析师_10,B,17,49,49,6,4,2,0,False,2026-06-11T06:48
t_00676,u_0482,jd_增长分析师_10,B,17,71,71,6,6,0,0,False,2026-05-19T00:39
t_00677,u_0483,jd_产品运营_04,A,33,40,40,3,1,2,0,True,2026-05-20T05:06
t_00679,u_0484,jd_产品运营_07,A,0,15,15,3,3,0,0,True,2026-05-02T14:55
t_00680,u_0485,jd_数据分析师_12,B,0,25,25,6,5,1,0,False,2026-05-21T13:12
t_00681,u_0485,jd_AI 产品助理_11,B,33,47,47,3,2,1,0,False,2026-05-20T07:44
t_00682,u_0486,jd_产品运营_01,B,33,51,51,3,2,1,0,True,2026-05-04T19:51
t_00684,u_0487,jd_AI 产品助理_01,B,33,60,60,3,3,0,0,False,2026-06-20T00:21
t_00685,u_0488,jd_AI 产品助理_07,A,0,8,8,3,1,2,0,True,2026-05-05T03:30
t_00686,u_0489,jd_产品运营_10,B,33,51,51,3,3,0,0,False,2026-06-12T22:06
t_00687,u_0489,jd_数据分析师_10,B,0,35,35,6,5,1,0,False,2026-05-07T07:14
t_00689,u_0491,jd_增长分析师_10,A,50,100,100,6,6,0,0,True,2026-05-31T15:54
t_00690,u_0492,jd_产品运营_08,B,33,60,60,3,3,0,0,False,2026-06-19T17:29
t_00692,u_0494,jd_产品运营_03,A,0,10,10,3,2,1,0,False,2026-06-23T21:14
t_00693,u_0495,jd_产品运营_02,A,33,39,39,3,1,2,0,False,2026-06-13T05:40
t_00694,u_0496,jd_增长分析师_09,B,50,98,98,6,6,0,0,True,2026-05-27T15:29
t_00697,u_0497,jd_AI 产品助理_11,A,33,51,51,3,2,1,0,False,2026-05-08T16:19
t_00698,u_0498,jd_AI 产品助理_07,A,33,42,42,3,1,2,0,True,2026-06-23T08:07
t_00700,u_0499,jd_AI 产品助理_07,B,33,48,48,3,3,0,0,False,2026-06-12T08:22
t_00701,u_0500,jd_增长分析师_10,B,17,62,62,6,5,1,0,False,2026-06-03T21:24
t_00705,u_0503,jd_数据分析师_12,B,67,95,95,6,4,2,0,False,2026-06-10T08:49
t_00706,u_0504,jd_产品运营_02,B,33,54,54,3,3,0,0,False,2026-06-28T23:05
t_00708,u_0506,jd_AI 产品助理_07,A,33,51,51,3,2,1,0,False,2026-06-09T22:04
t_00709,u_0507,jd_AI 产品助理_06,A,33,45,45,3,2,1,0,False,2026-05-15T14:52
t_00713,u_0511,jd_AI 产品助理_06,A,33,33,33,3,0,3,0,False,2026-06-25T22:15
t_00714,u_0512,jd_产品运营_08,A,33,51,51,3,2,1,0,False,2026-05-18T18:53
t_00716,u_0513,jd_数据分析师_07,B,17,53,53,6,4,2,0,False,2026-06-15T04:25
t_00717,u_0514,jd_数据分析师_02,A,67,74,74,6,1,5,0,False,2026-06-09T02:33
t_00718,u_0515,jd_AI 产品助理_05,A,0,15,15,3,3,0,0,False,2026-05-23T05:45
t_00722,u_0518,jd_产品运营_10,B,33,43,43,3,2,1,0,False,2026-05-12T14:45
t_00723,u_0519,jd_AI 产品助理_11,B,33,60,60,3,3,0,0,True,2026-05-12T18:33
t_00724,u_0520,jd_数据分析师_06,A,17,35,35,6,2,4,0,False,2026-05-16T11:09
t_00725,u_0520,jd_AI 产品助理_09,B,33,43,43,3,2,1,0,True,2026-06-11T06:18
t_00726,u_0521,jd_增长分析师_05,B,17,42,42,6,5,1,0,True,2026-06-01T09:49
t_00728,u_0523,jd_数据分析师_08,A,0,35,35,6,5,1,0,True,2026-06-30T05:57
t_00729,u_0524,jd_产品运营_01,B,33,45,45,3,2,1,0,False,2026-05-10T04:38
t_00731,u_0524,jd_增长分析师_11,A,50,78,78,6,4,2,0,True,2026-06-14T12:02
t_00732,u_0525,jd_增长分析师_05,B,50,65,65,6,3,3,0,True,2026-06-24T18:16
t_00733,u_0526,jd_数据分析师_10,B,0,35,35,6,5,1,0,False,2026-05-24T14:47
t_00734,u_0527,jd_产品运营_04,B,33,57,57,3,3,0,0,False,2026-06-27T20:03
t_00735,u_0528,jd_AI 产品助理_03,A,33,38,38,3,1,2,0,True,2026-06-05T10:03
t_00736,u_0529,jd_数据分析师_04,A,0,32,32,6,4,2,0,False,2026-06-18T20:02
t_00737,u_0530,jd_增长分析师_08,A,0,16,16,6,2,4,0,True,2026-06-04T11:14
t_00738,u_0531,jd_产品运营_11,A,0,24,24,3,3,0,0,True,2026-05-23T06:25
t_00740,u_0532,jd_增长分析师_04,B,50,82,82,6,4,2,0,True,2026-05-26T04:30
t_00742,u_0534,jd_产品运营_03,A,0,10,10,3,2,1,0,False,2026-05-27T10:29
t_00747,u_0538,jd_产品运营_01,A,0,0,0,3,0,3,0,False,2026-05-09T12:30
t_00748,u_0538,jd_增长分析师_11,B,17,41,41,6,4,2,0,False,2026-06-06T11:56
t_00750,u_0539,jd_AI 产品助理_09,B,0,14,14,3,2,1,0,True,2026-06-27T00:31
t_00751,u_0540,jd_数据分析师_03,A,67,91,91,6,3,3,0,False,2026-06-25T19:00
t_00753,u_0541,jd_数据分析师_01,A,67,100,100,6,5,1,0,False,2026-06-21T04:51
t_00754,u_0541,jd_数据分析师_11,B,0,24,24,6,4,2,0,True,2026-06-25T10:50
t_00755,u_0542,jd_产品运营_12,A,0,12,12,3,2,1,0,True,2026-06-01T19:45
t_00759,u_0545,jd_数据分析师_02,B,17,52,52,6,5,1,0,True,2026-06-13T22:28
t_00760,u_0546,jd_增长分析师_06,B,50,74,74,6,3,3,0,False,2026-06-04T23:12
t_00762,u_0547,jd_增长分析师_07,A,50,100,100,6,6,0,0,True,2026-06-20T21:57
t_00765,u_0550,jd_AI 产品助理_10,B,33,48,48,3,3,0,0,True,2026-05-08T19:08
t_00766,u_0551,jd_产品运营_06,A,33,33,33,3,0,3,0,False,2026-06-10T15:50
t_00767,u_0552,jd_产品运营_10,B,33,54,54,3,3,0,0,False,2026-05-31T00:20
t_00770,u_0555,jd_数据分析师_12,A,67,100,100,6,5,1,0,False,2026-06-26T06:33
t_00771,u_0556,jd_增长分析师_05,A,50,82,82,6,4,2,0,True,2026-05-30T08:12
t_00772,u_0557,jd_AI 产品助理_06,A,33,38,38,3,1,2,0,True,2026-06-09T01:41
t_00773,u_0558,jd_数据分析师_12,A,17,62,62,6,5,1,0,False,2026-05-16T02:48
t_00774,u_0559,jd_增长分析师_05,A,17,62,62,6,5,1,0,False,2026-05-15T07:03
t_00775,u_0559,jd_增长分析师_09,A,0,42,42,6,6,0,0,True,2026-06-18T09:31
t_00776,u_0560,jd_增长分析师_09,A,17,38,38,6,3,3,0,True,2026-05-01T20:47
t_00778,u_0561,jd_AI 产品助理_06,B,0,18,18,3,3,0,0,True,2026-05-30T01:41
t_00779,u_0562,jd_增长分析师_07,B,50,60,60,6,2,4,0,False,2026-06-08T05:58
t_00780,u_0563,jd_AI 产品助理_12,B,33,43,43,3,2,1,0,True,2026-06-06T05:06
t_00782,u_0564,jd_产品运营_08,A,33,57,57,3,3,0,0,False,2026-05-12T00:07
t_00784,u_0564,jd_数据分析师_12,B,17,49,49,6,4,2,0,False,2026-05-19T23:30
t_00785,u_0565,jd_产品运营_06,B,33,54,54,3,3,0,0,True,2026-05-06T19:23
t_00788,u_0568,jd_增长分析师_01,A,17,41,41,6,3,3,0,True,2026-05-22T16:58
t_00793,u_0572,jd_增长分析师_09,A,50,82,82,6,4,2,0,False,2026-06-10T03:52
t_00794,u_0573,jd_产品运营_10,B,33,57,57,3,3,0,0,False,2026-06-07T15:40
t_00798,u_0576,jd_增长分析师_11,A,17,52,52,6,5,1,0,False,2026-05-09T18:55
t_00800,u_0578,jd_增长分析师_01,A,0,20,20,6,4,2,0,False,2026-05-25T23:51
t_00801,u_0579,jd_数据分析师_06,B,0,42,42,6,6,0,0,True,2026-06-20T22:27
t_00804,u_0580,jd_数据分析师_02,B,0,42,42,6,6,0,0,False,2026-06-05T01:14
t_00805,u_0581,jd_产品运营_04,A,0,12,12,3,2,1,0,True,2026-06-12T15:30
t_00807,u_0583,jd_产品运营_01,B,33,45,45,3,2,1,0,False,2026-06-18T13:02
t_00808,u_0584,jd_增长分析师_10,A,17,49,49,6,4,2,0,True,2026-06-03T09:31
t_00809,u_0585,jd_AI 产品助理_09,B,33,49,49,3,2,1,0,False,2026-06-01T12:48
t_00810,u_0585,jd_增长分析师_05,A,50,77,77,6,3,3,0,False,2026-06-10T08:59
t_00811,u_0585,jd_AI 产品助理_11,B,33,60,60,3,3,0,0,False,2026-06-12T06:49
t_00813,u_0586,jd_产品运营_04,B,0,27,27,3,3,0,0,False,2026-05-26T15:45
t_00814,u_0587,jd_产品运营_08,B,33,43,43,3,2,1,0,True,2026-06-29T17:37
t_00815,u_0588,jd_数据分析师_02,A,0,10,10,6,2,4,0,False,2026-05-24T01:02
t_00816,u_0589,jd_产品运营_09,B,33,43,43,3,2,1,0,False,2026-05-23T07:09
t_00817,u_0590,jd_AI 产品助理_02,A,33,49,49,3,2,1,0,False,2026-05-16T13:14
t_00818,u_0591,jd_增长分析师_04,A,0,45,45,6,5,1,0,False,2026-05-07T02:26
t_00819,u_0592,jd_增长分析师_06,A,0,45,45,6,5,1,0,True,2026-05-10T22:04
t_00820,u_0593,jd_产品运营_12,B,33,54,54,3,3,0,0,True,2026-06-21T00:24
t_00821,u_0593,jd_AI 产品助理_03,B,33,51,51,3,3,0,0,True,2026-05-11T07:54
t_00822,u_0593,jd_数据分析师_09,A,67,100,100,6,4,2,0,False,2026-06-29T08:28
t_00824,u_0594,jd_数据分析师_05,A,17,44,44,6,3,3,0,False,2026-06-22T05:34
t_00825,u_0595,jd_数据分析师_03,A,0,27,27,6,3,3,0,True,2026-05-04T15:09
t_00826,u_0596,jd_数据分析师_09,B,67,99,99,6,4,2,0,False,2026-06-21T15:43
t_00828,u_0598,jd_AI 产品助理_06,A,33,40,40,3,1,2,0,False,2026-06-01T06:48
t_00830,u_0600,jd_增长分析师_03,A,17,27,27,6,2,4,0,False,2026-06-27T20:59
t_00831,u_0601,jd_增长分析师_06,B,17,59,59,6,6,0,0,True,2026-05-13T09:59
t_00832,u_0601,jd_增长分析师_05,B,50,86,86,6,6,0,0,True,2026-05-24T01:51
t_00833,u_0602,jd_增长分析师_03,A,50,90,90,6,5,1,0,False,2026-06-18T06:05
t_00834,u_0603,jd_产品运营_03,A,33,41,41,3,1,2,0,True,2026-06-24T01:16
t_00836,u_0605,jd_AI 产品助理_11,A,33,47,47,3,2,1,0,False,2026-06-13T22:37
t_00837,u_0605,jd_AI 产品助理_01,B,33,49,49,3,2,1,0,False,2026-06-30T18:19
t_00838,u_0606,jd_AI 产品助理_07,B,33,49,49,3,2,1,0,False,2026-06-06T10:19
t_00839,u_0606,jd_增长分析师_08,B,17,41,41,6,4,2,0,False,2026-05-02T10:23
t_00840,u_0607,jd_增长分析师_02,A,17,38,38,6,3,3,0,True,2026-05-06T23:00
t_00844,u_0611,jd_数据分析师_12,A,0,24,24,6,4,2,0,False,2026-05-19T01:25
t_00845,u_0612,jd_AI 产品助理_08,A,0,14,14,3,2,1,0,False,2026-05-10T22:09
t_00847,u_0613,jd_产品运营_06,A,0,8,8,3,1,2,0,False,2026-05-11T12:12
t_00849,u_0614,jd_产品运营_05,A,33,51,51,3,3,0,0,True,2026-05-27T02:31
t_00851,u_0616,jd_产品运营_09,B,33,51,51,3,2,1,0,False,2026-05-26T16:37
t_00853,u_0617,jd_增长分析师_06,A,0,40,40,6,5,1,0,True,2026-06-23T18:14
t_00854,u_0617,jd_数据分析师_02,A,0,18,18,6,2,4,0,True,2026-06-21T08:34
t_00855,u_0618,jd_AI 产品助理_07,A,33,48,48,3,3,0,0,False,2026-06-05T23:21
t_00856,u_0619,jd_AI 产品助理_07,A,33,39,39,3,1,2,0,True,2026-05-14T23:10
t_00857,u_0620,jd_数据分析师_05,A,0,28,28,6,4,2,0,False,2026-05-12T03:48
t_00860,u_0621,jd_AI 产品助理_07,B,33,48,48,3,3,0,0,False,2026-06-20T13:06
t_00861,u_0622,jd_增长分析师_07,B,17,45,45,6,4,2,0,False,2026-05-21T20:23
t_00862,u_0622,jd_数据分析师_10,A,0,14,14,6,2,4,0,True,2026-06-03T17:49
t_00864,u_0623,jd_AI 产品助理_02,B,33,51,51,3,3,0,0,True,2026-06-03T11:04
t_00866,u_0625,jd_产品运营_04,A,33,42,42,3,1,2,0,False,2026-05-04T08:19
t_00867,u_0626,jd_AI 产品助理_01,B,33,49,49,3,2,1,0,True,2026-05-20T13:05
t_00868,u_0627,jd_产品运营_02,A,33,45,45,3,2,1,0,False,2026-05-22T05:11
t_00869,u_0628,jd_产品运营_11,A,0,18,18,3,3,0,0,False,2026-06-03T08:36
t_00870,u_0628,jd_AI 产品助理_07,A,33,38,38,3,1,2,0,False,2026-06-07T13:58
t_00871,u_0629,jd_产品运营_10,A,33,41,41,3,1,2,0,False,2026-05-12T20:37
t_00872,u_0630,jd_产品运营_07,A,33,51,51,3,2,1,0,True,2026-05-07T10:13
t_00874,u_0631,jd_产品运营_05,B,0,16,16,3,2,1,0,True,2026-05-28T01:16
t_00875,u_0632,jd_数据分析师_10,A,0,30,30,6,5,1,0,True,2026-05-30T11:19
t_00876,u_0633,jd_产品运营_12,B,33,43,43,3,2,1,0,False,2026-05-24T16:16
t_00877,u_0634,jd_产品运营_11,A,33,45,45,3,2,1,0,False,2026-06-01T16:00
t_00879,u_0636,jd_增长分析师_04,A,0,32,32,6,4,2,0,True,2026-05-21T01:54
t_00880,u_0637,jd_数据分析师_12,B,17,59,59,6,6,0,0,True,2026-05-09T07:47
t_00881,u_0638,jd_AI 产品助理_01,A,33,41,41,3,1,2,0,True,2026-05-31T22:17
t_00883,u_0639,jd_产品运营_11,A,33,39,39,3,1,2,0,True,2026-06-06T00:42
t_00884,u_0639,jd_数据分析师_10,A,0,8,8,6,1,5,0,True,2026-05-09T01:07
t_00885,u_0640,jd_增长分析师_03,A,17,35,35,6,2,4,0,False,2026-05-14T02:09
t_00886,u_0641,jd_产品运营_08,A,33,39,39,3,1,2,0,False,2026-05-28T05:39
t_00887,u_0641,jd_增长分析师_02,B,17,47,47,6,5,1,0,False,2026-06-25T18:07
t_00888,u_0642,jd_数据分析师_04,A,17,47,47,6,5,1,0,False,2026-06-04T17:05
t_00889,u_0642,jd_数据分析师_10,A,17,37,37,6,4,2,0,False,2026-05-29T02:27
t_00892,u_0643,jd_数据分析师_06,B,0,54,54,6,6,0,0,True,2026-05-25T21:07
t_00893,u_0644,jd_产品运营_06,A,33,40,40,3,1,2,0,True,2026-05-25T15:02
t_00894,u_0645,jd_数据分析师_03,B,0,20,20,6,4,2,0,False,2026-06-21T08:32
t_00898,u_0647,jd_产品运营_08,B,33,51,51,3,3,0,0,False,2026-06-26T07:33
t_00899,u_0648,jd_AI 产品助理_07,B,0,21,21,3,3,0,0,True,2026-05-20T05:01
t_00901,u_0650,jd_AI 产品助理_07,A,33,38,38,3,1,2,0,True,2026-06-20T07:46
t_00902,u_0651,jd_AI 产品助理_04,A,33,42,42,3,1,2,0,True,2026-06-16T03:23
t_00903,u_0652,jd_AI 产品助理_11,B,33,42,42,3,1,2,0,True,2026-06-10T01:54
t_00904,u_0653,jd_增长分析师_02,A,17,47,47,6,5,1,0,True,2026-05-06T03:45
t_00905,u_0654,jd_增长分析师_02,A,17,42,42,6,5,1,0,False,2026-06-28T19:48
t_00907,u_0656,jd_数据分析师_06,B,0,18,18,6,2,4,0,True,2026-05-31T20:44
t_00908,u_0657,jd_数据分析师_10,B,17,57,57,6,5,1,0,False,2026-05-05T03:55
t_00909,u_0658,jd_产品运营_02,A,33,33,33,3,0,3,0,False,2026-05-16T14:17
t_00910,u_0658,jd_数据分析师_08,A,67,87,87,6,4,2,0,True,2026-06-29T12:27
t_00911,u_0659,jd_增长分析师_01,A,0,24,24,6,4,2,0,False,2026-05-25T04:43
t_00912,u_0660,jd_增长分析师_10,A,0,40,40,6,5,1,0,True,2026-05-14T16:53
t_00913,u_0661,jd_产品运营_04,A,0,18,18,3,2,1,0,False,2026-05-15T20:23
t_00915,u_0662,jd_产品运营_10,B,0,24,24,3,3,0,0,False,2026-06-06T12:55
t_00916,u_0662,jd_AI 产品助理_11,B,33,45,45,3,2,1,0,False,2026-06-30T18:15
t_00918,u_0663,jd_数据分析师_09,A,0,18,18,6,2,4,0,True,2026-05-31T04:25
t_00919,u_0664,jd_AI 产品助理_11,A,0,18,18,3,3,0,0,False,2026-06-27T17:48
t_00920,u_0665,jd_增长分析师_09,A,50,80,80,6,5,1,0,True,2026-06-21T04:25
t_00921,u_0666,jd_产品运营_10,B,33,54,54,3,3,0,0,False,2026-05-22T03:16
t_00922,u_0667,jd_数据分析师_04,B,0,24,24,6,4,2,0,True,2026-05-01T00:42
t_00923,u_0668,jd_数据分析师_07,A,17,62,62,6,5,1,0,True,2026-06-03T01:39
t_00924,u_0669,jd_产品运营_04,B,33,51,51,3,3,0,0,True,2026-06-10T08:17
t_00926,u_0670,jd_增长分析师_03,A,0,36,36,6,6,0,0,True,2026-06-06T22:59
t_00928,u_0672,jd_产品运营_10,A,33,51,51,3,2,1,0,False,2026-05-11T00:24
t_00929,u_0672,jd_增长分析师_04,A,17,37,37,6,4,2,0,False,2026-05-29T02:57
t_00930,u_0673,jd_数据分析师_04,B,0,36,36,6,6,0,0,True,2026-06-13T08:53
t_00931,u_0674,jd_产品运营_05,A,33,39,39,3,1,2,0,False,2026-06-03T13:10
t_00932,u_0674,jd_产品运营_09,A,33,41,41,3,1,2,0,False,2026-06-13T10:26
t_00933,u_0675,jd_增长分析师_08,B,17,52,52,6,5,1,0,False,2026-05-16T12:33
t_00935,u_0675,jd_数据分析师_10,B,67,85,85,6,2,4,0,False,2026-05-10T23:04
t_00938,u_0677,jd_产品运营_12,B,33,48,48,3,3,0,0,False,2026-06-09T16:35
t_00942,u_0681,jd_产品运营_08,A,33,43,43,3,2,1,0,True,2026-06-17T01:50
t_00943,u_0681,jd_数据分析师_07,B,67,100,100,6,6,0,0,True,2026-06-16T19:21
t_00945,u_0682,jd_AI 产品助理_04,A,33,41,41,3,1,2,0,False,2026-06-04T18:59
t_00946,u_0683,jd_增长分析师_07,A,17,45,45,6,4,2,0,True,2026-06-30T18:14
t_00947,u_0683,jd_AI 产品助理_01,B,33,60,60,3,3,0,0,True,2026-06-09T10:48
t_00949,u_0684,jd_产品运营_02,A,33,45,45,3,2,1,0,True,2026-06-23T11:13
t_00951,u_0685,jd_AI 产品助理_05,A,0,9,9,3,1,2,0,False,2026-06-30T02:02
t_00952,u_0686,jd_AI 产品助理_09,A,0,8,8,3,1,2,0,False,2026-06-03T17:54
t_00954,u_0688,jd_AI 产品助理_12,B,33,48,48,3,3,0,0,False,2026-06-07T13:23
t_00955,u_0688,jd_增长分析师_03,A,50,60,60,6,2,4,0,False,2026-06-29T00:56
t_00956,u_0689,jd_数据分析师_06,A,0,36,36,6,4,2,0,True,2026-05-22T15:02
t_00957,u_0689,jd_增长分析师_12,B,17,47,47,6,5,1,0,False,2026-06-29T07:27
t_00958,u_0690,jd_数据分析师_03,A,17,57,57,6,5,1,0,True,2026-06-15T17:51
t_00959,u_0691,jd_增长分析师_03,B,50,78,78,6,4,2,0,True,2026-05-14T22:35
t_00961,u_0692,jd_数据分析师_07,B,17,49,49,6,4,2,0,True,2026-06-27T21:35
t_00965,u_0695,jd_产品运营_05,B,33,48,48,3,3,0,0,True,2026-05-27T03:31
t_00966,u_0695,jd_AI 产品助理_10,B,33,43,43,3,2,1,0,True,2026-06-15T23:07
t_00967,u_0696,jd_增长分析师_12,B,17,41,41,6,4,2,0,False,2026-05-08T06:31
t_00968,u_0697,jd_数据分析师_03,A,17,38,38,6,3,3,0,False,2026-05-03T01:16
t_00970,u_0699,jd_数据分析师_02,B,17,53,53,6,4,2,0,False,2026-05-30T02:22
t_00971,u_0700,jd_数据分析师_08,A,67,97,97,6,6,0,0,True,2026-05-18T20:55
t_00972,u_0701,jd_产品运营_11,A,33,41,41,3,1,2,0,True,2026-06-29T22:29
t_00973,u_0702,jd_产品运营_10,A,33,51,51,3,3,0,0,False,2026-06-16T01:28
t_00974,u_0703,jd_数据分析师_11,B,0,35,35,6,5,1,0,False,2026-06-26T21:51
t_00976,u_0704,jd_AI 产品助理_02,B,33,57,57,3,3,0,0,False,2026-06-21T23:47
t_00978,u_0705,jd_AI 产品助理_07,B,33,48,48,3,3,0,0,True,2026-05-20T04:13
t_00979,u_0706,jd_产品运营_09,A,0,16,16,3,2,1,0,False,2026-06-01T08:03
t_00983,u_0709,jd_AI 产品助理_03,B,33,48,48,3,3,0,0,False,2026-06-30T07:16
t_00984,u_0709,jd_数据分析师_01,A,17,52,52,6,5,1,0,True,2026-06-21T23:50
t_00985,u_0710,jd_数据分析师_12,B,17,62,62,6,5,1,0,True,2026-05-04T14:05
t_00986,u_0711,jd_产品运营_02,A,0,9,9,3,1,2,0,False,2026-06-15T06:01
t_00988,u_0712,jd_增长分析师_07,B,50,85,85,6,5,1,0,True,2026-05-28T04:05
t_00989,u_0713,jd_数据分析师_10,B,17,52,52,6,5,1,0,False,2026-06-01T21:29
t_00990,u_0713,jd_AI 产品助理_06,A,0,0,0,3,0,3,0,False,2026-06-20T05:02
t_00991,u_0714,jd_增长分析师_04,A,17,47,47,6,6,0,0,True,2026-05-30T18:28
t_00995,u_0718,jd_数据分析师_01,B,17,44,44,6,3,3,0,True,2026-06-23T05:42
t_00996,u_0718,jd_增长分析师_02,A,17,45,45,6,4,2,0,True,2026-05-29T00:46
t_00997,u_0719,jd_增长分析师_10,A,50,80,80,6,5,1,0,False,2026-05-29T16:23
t_00998,u_0720,jd_增长分析师_03,A,17,49,49,6,4,2,0,False,2026-06-02T15:43
t_01000,u_0722,jd_增长分析师_07,B,17,57,57,6,5,1,0,False,2026-05-03T15:57
t_01001,u_0723,jd_增长分析师_11,B,17,47,47,6,5,1,0,True,2026-05-03T19:59
t_01003,u_0724,jd_产品运营_05,A,33,51,51,3,2,1,0,True,2026-06-04T12:34
t_01006,u_0726,jd_AI 产品助理_01,A,0,14,14,3,2,1,0,False,2026-06-28T08:20
t_01007,u_0726,jd_增长分析师_02,B,17,42,42,6,5,1,0,True,2026-06-09T03:27
t_01008,u_0727,jd_AI 产品助理_09,A,33,48,48,3,3,0,0,False,2026-06-04T23:00
t_01009,u_0728,jd_增长分析师_09,B,0,20,20,6,4,2,0,True,2026-05-28T19:42
t_01010,u_0728,jd_AI 产品助理_02,A,33,49,49,3,2,1,0,False,2026-05-08T19:08
t_01011,u_0729,jd_增长分析师_11,B,17,52,52,6,5,1,0,False,2026-06-16T01:14
t_01012,u_0729,jd_数据分析师_01,B,0,21,21,6,3,3,0,False,2026-05-04T00:38
t_01013,u_0730,jd_增长分析师_07,B,0,32,32,6,4,2,0,True,2026-05-04T10:50
t_01014,u_0730,jd_AI 产品助理_04,A,33,45,45,3,2,1,0,True,2026-06-20T16:51
t_01015,u_0731,jd_增长分析师_01,B,50,98,98,6,6,0,0,True,2026-05-07T12:40
t_01016,u_0732,jd_增长分析师_03,B,50,68,68,6,2,4,0,True,2026-06-18T10:39
t_01019,u_0734,jd_数据分析师_03,B,67,100,100,6,5,1,0,False,2026-06-15T13:50
t_01020,u_0735,jd_增长分析师_08,A,17,52,52,6,5,1,0,False,2026-06-05T11:52
t_01021,u_0736,jd_AI 产品助理_11,A,33,48,48,3,3,0,0,False,2026-06-30T13:16
t_01022,u_0736,jd_增长分析师_11,B,50,80,80,6,6,0,0,True,2026-06-30T19:46
t_01023,u_0736,jd_增长分析师_08,A,17,71,71,6,6,0,0,True,2026-05-23T22:00
t_01026,u_0737,jd_增长分析师_05,A,50,66,66,6,2,4,0,False,2026-05-17T08:58
t_01029,u_0740,jd_数据分析师_08,B,67,99,99,6,4,2,0,False,2026-06-07T22:08
t_01030,u_0741,jd_产品运营_10,A,33,33,33,3,0,3,0,False,2026-05-29T05:33
t_01031,u_0742,jd_数据分析师_03,A,17,53,53,6,4,2,0,False,2026-05-10T03:02
t_01032,u_0743,jd_增长分析师_01,A,0,20,20,6,4,2,0,False,2026-06-05T02:52
t_01035,u_0745,jd_产品运营_05,B,33,57,57,3,3,0,0,False,2026-06-30T10:47
t_01038,u_0747,jd_AI 产品助理_01,B,33,60,60,3,3,0,0,True,2026-06-03T19:00
t_01039,u_0747,jd_增长分析师_10,B,17,45,45,6,4,2,0,False,2026-05-30T00:33
t_01040,u_0748,jd_数据分析师_07,B,17,41,41,6,4,2,0,False,2026-05-02T22:38
t_01041,u_0749,jd_数据分析师_03,B,17,62,62,6,5,1,0,True,2026-06-30T02:50
t_01043,u_0750,jd_产品运营_10,A,33,33,33,3,0,3,0,False,2026-06-30T15:21
t_01044,u_0751,jd_AI 产品助理_08,B,33,43,43,3,2,1,0,True,2026-06-23T01:20
t_01045,u_0752,jd_数据分析师_12,A,0,14,14,6,2,4,0,False,2026-06-27T10:26
t_01046,u_0753,jd_产品运营_12,B,33,41,41,3,1,2,0,True,2026-05-29T07:05
t_01047,u_0754,jd_数据分析师_10,A,17,41,41,6,3,3,0,True,2026-05-24T00:39
t_01049,u_0756,jd_AI 产品助理_12,B,33,54,54,3,3,0,0,False,2026-05-19T07:51
t_01051,u_0757,jd_产品运营_04,A,33,51,51,3,3,0,0,True,2026-06-27T23:49
t_01052,u_0757,jd_AI 产品助理_09,B,33,57,57,3,3,0,0,True,2026-06-18T07:21
t_01053,u_0757,jd_产品运营_09,B,33,40,40,3,1,2,0,False,2026-06-02T06:35
t_01054,u_0758,jd_AI 产品助理_08,B,33,51,51,3,3,0,0,True,2026-06-29T08:45
t_01055,u_0758,jd_数据分析师_09,A,17,22,22,6,1,5,0,True,2026-06-29T10:57
t_01058,u_0761,jd_AI 产品助理_01,A,33,39,39,3,1,2,0,True,2026-06-27T02:42
t_01059,u_0762,jd_数据分析师_02,B,17,52,52,6,5,1,0,True,2026-05-22T06:55
t_01060,u_0762,jd_产品运营_10,B,33,43,43,3,2,1,0,False,2026-06-05T01:59
t_01065,u_0766,jd_数据分析师_10,B,17,41,41,6,4,2,0,True,2026-05-28T17:03
t_01066,u_0767,jd_AI 产品助理_04,B,33,48,48,3,3,0,0,False,2026-05-02T00:25
t_01067,u_0768,jd_增长分析师_02,B,17,32,32,6,3,3,0,True,2026-05-30T17:16
t_01071,u_0772,jd_增长分析师_06,B,50,80,80,6,5,1,0,False,2026-06-24T18:55
t_01073,u_0773,jd_数据分析师_01,A,17,41,41,6,4,2,0,False,2026-06-28T14:07
t_01074,u_0774,jd_增长分析师_10,B,17,65,65,6,6,0,0,False,2026-05-07T13:06
t_01075,u_0775,jd_增长分析师_12,A,17,47,47,6,5,1,0,False,2026-05-04T10:58
t_01076,u_0776,jd_AI 产品助理_09,A,33,39,39,3,1,2,0,False,2026-05-09T05:46
t_01078,u_0778,jd_数据分析师_06,B,17,47,47,6,5,1,0,False,2026-06-06T19:45
t_01079,u_0778,jd_产品运营_06,B,0,21,21,3,3,0,0,True,2026-06-24T04:44
t_01081,u_0780,jd_增长分析师_10,B,50,78,78,6,4,2,0,True,2026-05-07T19:34
t_01084,u_0783,jd_增长分析师_09,A,0,12,12,6,2,4,0,False,2026-05-04T11:25
t_01085,u_0783,jd_AI 产品助理_10,B,33,45,45,3,2,1,0,True,2026-05-19T08:19
t_01086,u_0784,jd_AI 产品助理_03,B,33,41,41,3,1,2,0,True,2026-05-30T06:08
t_01088,u_0785,jd_数据分析师_10,B,17,47,47,6,5,1,0,True,2026-06-30T21:39
t_01089,u_0786,jd_产品运营_03,B,33,45,45,3,2,1,0,False,2026-06-26T11:42
t_01095,u_0791,jd_AI 产品助理_06,A,33,51,51,3,3,0,0,True,2026-05-12T12:38
t_01100,u_0794,jd_增长分析师_06,B,17,57,57,6,5,1,0,False,2026-05-11T06:23
t_01102,u_0795,jd_增长分析师_10,A,0,16,16,6,2,4,0,False,2026-05-28T12:43
t_01106,u_0798,jd_数据分析师_01,A,0,32,32,6,4,2,0,False,2026-05-13T03:12
t_01107,u_0798,jd_AI 产品助理_10,B,0,18,18,3,3,0,0,False,2026-05-23T21:43
t_01110,u_0800,jd_增长分析师_01,A,0,10,10,6,2,4,0,True,2026-06-05T14:02
t_01112,u_0801,jd_AI 产品助理_07,B,33,33,33,3,0,3,0,False,2026-05-31T06:20
t_01116,u_0804,jd_数据分析师_05,A,17,27,27,6,2,4,0,True,2026-05-26T21:50
t_01117,u_0805,jd_增长分析师_11,B,17,59,59,6,6,0,0,True,2026-05-04T16:50
t_01118,u_0806,jd_数据分析师_07,A,67,94,94,6,3,3,0,False,2026-06-16T08:04
t_01119,u_0806,jd_增长分析师_01,A,50,71,71,6,3,3,0,True,2026-05-31T00:51
t_01120,u_0807,jd_增长分析师_07,B,0,20,20,6,4,2,0,True,2026-05-03T18:33
t_01121,u_0808,jd_增长分析师_06,B,17,42,42,6,5,1,0,True,2026-05-16T20:59
t_01122,u_0809,jd_AI 产品助理_02,A,0,18,18,3,2,1,0,False,2026-05-10T01:10
t_01123,u_0810,jd_AI 产品助理_12,A,33,51,51,3,2,1,0,True,2026-05-04T00:08
t_01125,u_0811,jd_AI 产品助理_01,A,33,45,45,3,2,1,0,False,2026-05-27T07:22
t_01126,u_0812,jd_数据分析师_03,B,17,53,53,6,6,0,0,True,2026-06-06T22:24
t_01127,u_0813,jd_AI 产品助理_09,B,33,47,47,3,2,1,0,True,2026-06-09T17:53
t_01129,u_0814,jd_增长分析师_10,A,17,41,41,6,4,2,0,False,2026-05-16T22:54
t_01131,u_0816,jd_增长分析师_12,A,17,44,44,6,3,3,0,False,2026-05-12T03:55
t_01136,u_0818,jd_增长分析师_02,A,17,47,47,6,5,1,0,True,2026-05-17T22:23
t_01137,u_0819,jd_产品运营_04,A,33,60,60,3,3,0,0,False,2026-05-20T14:18
t_01140,u_0822,jd_增长分析师_01,A,50,78,78,6,4,2,0,False,2026-05-20T06:53
t_01141,u_0823,jd_产品运营_03,A,33,48,48,3,3,0,0,True,2026-06-03T04:39
t_01143,u_0824,jd_数据分析师_03,B,0,24,24,6,4,2,0,True,2026-06-19T15:39
t_01146,u_0826,jd_数据分析师_03,A,0,16,16,6,2,4,0,False,2026-06-12T04:18
t_01148,u_0827,jd_增长分析师_09,A,50,78,78,6,4,2,0,False,2026-06-25T14:09
t_01153,u_0830,jd_产品运营_10,A,33,39,39,3,1,2,0,True,2026-06-09T19:16
t_01154,u_0830,jd_增长分析师_04,A,50,80,80,6,5,1,0,False,2026-06-05T14:11
t_01156,u_0831,jd_数据分析师_09,B,67,100,100,6,5,1,0,False,2026-06-08T18:59
t_01157,u_0831,jd_增长分析师_10,B,0,24,24,6,4,2,0,True,2026-06-14T05:25
t_01158,u_0832,jd_产品运营_02,B,33,60,60,3,3,0,0,True,2026-06-26T12:22
t_01159,u_0833,jd_增长分析师_03,A,17,41,41,6,4,2,0,False,2026-06-07T10:20
t_01160,u_0834,jd_数据分析师_02,B,17,42,42,6,5,1,0,False,2026-05-13T06:46
t_01162,u_0836,jd_AI 产品助理_07,A,33,60,60,3,3,0,0,True,2026-06-04T13:34
t_01164,u_0837,jd_增长分析师_04,B,17,47,47,6,5,1,0,False,2026-06-23T10:33
t_01165,u_0838,jd_产品运营_03,A,0,21,21,3,3,0,0,False,2026-05-05T06:11
t_01166,u_0839,jd_数据分析师_10,B,17,47,47,6,6,0,0,False,2026-05-29T04:52
t_01167,u_0839,jd_数据分析师_01,A,0,45,45,6,5,1,0,True,2026-05-01T11:59
t_01168,u_0840,jd_数据分析师_07,A,67,97,97,6,5,1,0,True,2026-06-23T19:10
t_01169,u_0841,jd_产品运营_11,B,33,49,49,3,2,1,0,False,2026-06-20T06:13
t_01170,u_0842,jd_产品运营_02,B,0,18,18,3,2,1,0,False,2026-05-01T02:12
t_01172,u_0844,jd_数据分析师_08,B,0,24,24,6,4,2,0,False,2026-05-25T03:41
t_01174,u_0845,jd_产品运营_06,B,33,49,49,3,2,1,0,False,2026-06-12T15:11
t_01175,u_0846,jd_AI 产品助理_03,A,33,49,49,3,2,1,0,True,2026-05-21T14:13
t_01176,u_0846,jd_数据分析师_03,B,0,25,25,6,5,1,0,True,2026-06-07T19:01
t_01177,u_0847,jd_增长分析师_05,B,50,71,71,6,3,3,0,True,2026-06-05T11:43
t_01179,u_0849,jd_数据分析师_06,B,67,87,87,6,4,2,0,False,2026-05-01T19:10
t_01180,u_0850,jd_数据分析师_05,A,17,53,53,6,4,2,0,False,2026-06-04T08:22
t_01182,u_0852,jd_数据分析师_01,A,17,27,27,6,2,4,0,True,2026-06-13T11:46
t_01183,u_0852,jd_产品运营_07,B,0,15,15,3,3,0,0,True,2026-05-29T18:03
t_01185,u_0854,jd_AI 产品助理_06,B,33,51,51,3,3,0,0,False,2026-05-11T09:02
t_01186,u_0855,jd_产品运营_06,A,33,60,60,3,3,0,0,True,2026-05-16T06:59
t_01188,u_0856,jd_产品运营_08,A,33,39,39,3,1,2,0,True,2026-06-23T02:08
t_01189,u_0857,jd_数据分析师_11,A,0,12,12,6,2,4,0,True,2026-05-10T20:29
t_01190,u_0858,jd_AI 产品助理_02,B,0,15,15,3,3,0,0,False,2026-05-26T03:32
t_01191,u_0859,jd_AI 产品助理_05,B,33,54,54,3,3,0,0,False,2026-05-18T15:14
t_01192,u_0860,jd_增长分析师_05,B,17,62,62,6,5,1,0,True,2026-06-24T19:13
t_01195,u_0861,jd_增长分析师_11,B,17,44,44,6,3,3,0,True,2026-05-05T10:11
t_01196,u_0862,jd_增长分析师_05,A,0,18,18,6,3,3,0,False,2026-05-18T12:31
t_01197,u_0863,jd_增长分析师_01,B,50,85,85,6,5,1,0,False,2026-06-09T18:36
t_01198,u_0864,jd_增长分析师_05,B,17,41,41,6,4,2,0,True,2026-05-11T20:18
t_01199,u_0865,jd_增长分析师_09,B,50,75,75,6,5,1,0,False,2026-05-09T16:47
t_01200,u_0865,jd_AI 产品助理_11,A,33,38,38,3,1,2,0,False,2026-06-08T14:57
t_01201,u_0866,jd_增长分析师_09,B,17,49,49,6,4,2,0,False,2026-05-07T02:11
t_01202,u_0866,jd_数据分析师_10,B,67,85,85,6,3,3,0,True,2026-05-01T00:47
t_01203,u_0866,jd_增长分析师_04,A,0,18,18,6,3,3,0,True,2026-06-22T11:05
t_01205,u_0868,jd_增长分析师_11,A,50,57,57,6,1,5,0,True,2026-06-25T10:22
t_01206,u_0869,jd_产品运营_06,A,0,18,18,3,2,1,0,False,2026-06-29T22:50
t_01207,u_0870,jd_产品运营_04,B,33,33,33,3,0,3,0,False,2026-06-21T19:03
t_01208,u_0871,jd_AI 产品助理_04,B,33,48,48,3,3,0,0,False,2026-06-07T15:36
t_01210,u_0872,jd_增长分析师_06,A,0,21,21,6,3,3,0,False,2026-06-28T07:18
t_01211,u_0873,jd_AI 产品助理_01,B,33,51,51,3,3,0,0,True,2026-05-24T03:02
t_01212,u_0874,jd_数据分析师_11,B,67,100,100,6,4,2,0,True,2026-05-18T14:07
t_01214,u_0875,jd_AI 产品助理_12,A,33,57,57,3,3,0,0,False,2026-05-16T10:34
t_01216,u_0876,jd_数据分析师_04,B,17,47,47,6,6,0,0,True,2026-06-05T15:28
t_01217,u_0876,jd_数据分析师_09,A,67,85,85,6,3,3,0,False,2026-06-22T20:55
t_01218,u_0877,jd_AI 产品助理_03,B,33,51,51,3,3,0,0,True,2026-05-01T08:48
t_01220,u_0879,jd_产品运营_01,B,33,47,47,3,2,1,0,True,2026-06-07T23:47
t_01221,u_0879,jd_产品运营_05,A,33,51,51,3,2,1,0,True,2026-06-23T22:41
t_01223,u_0880,jd_数据分析师_04,B,17,47,47,6,5,1,0,True,2026-05-26T13:46
t_01224,u_0881,jd_产品运营_02,B,33,48,48,3,3,0,0,True,2026-05-13T01:41
t_01225,u_0881,jd_增长分析师_02,A,17,42,42,6,5,1,0,True,2026-05-02T08:20
t_01227,u_0883,jd_AI 产品助理_11,A,0,5,5,3,1,2,0,False,2026-05-26T00:09
t_01228,u_0884,jd_增长分析师_10,B,17,37,37,6,4,2,0,False,2026-05-02T06:43
t_01229,u_0885,jd_AI 产品助理_10,B,33,43,43,3,2,1,0,False,2026-06-04T11:07
t_01231,u_0887,jd_增长分析师_08,A,17,62,62,6,5,1,0,False,2026-05-25T01:58
t_01233,u_0889,jd_增长分析师_04,A,17,49,49,6,4,2,0,True,2026-06-20T10:14
t_01235,u_0890,jd_数据分析师_01,B,67,97,97,6,6,0,0,True,2026-06-26T06:48
t_01237,u_0891,jd_数据分析师_04,A,0,21,21,6,3,3,0,True,2026-05-09T21:31
t_01238,u_0891,jd_数据分析师_08,B,17,41,41,6,4,2,0,False,2026-05-17T12:15
t_01239,u_0892,jd_数据分析师_06,A,17,32,32,6,3,3,0,True,2026-05-06T21:38
t_01240,u_0893,jd_增长分析师_06,B,17,47,47,6,6,0,0,True,2026-05-25T18:38
t_01242,u_0895,jd_数据分析师_03,B,0,30,30,6,5,1,0,True,2026-05-03T16:22
t_01243,u_0896,jd_数据分析师_03,A,67,100,100,6,5,1,0,True,2026-06-09T03:49
t_01244,u_0897,jd_数据分析师_04,A,0,24,24,6,4,2,0,True,2026-05-04T08:27
t_01247,u_0898,jd_AI 产品助理_12,B,33,38,38,3,1,2,0,False,2026-05-03T09:41
